<?xml version="1.0" encoding="UTF-8"?>
<aiml>
 
 <category>
    <pattern>*</pattern>
    <template>No tengo respuesta para esto</template>
  </category>
  
  <category>
<pattern>HOLA</pattern>
<template>Hola! ¿Cómo te puedo ayudar? </template>
</category>

<category>
<pattern>BUENAS</pattern>
<template><srai>HOLA</srai></template>
</category>

<category>
<pattern>BUENAS DIAS</pattern>
<template><srai>HOLA</srai></template>
</category>

<category>
<pattern>BUENAS TARDES</pattern>
<template><srai>HOLA</srai></template>
</category>

<category>
    <pattern>DÓNDE ESTÁ EL APARTAMENTO</pattern>
    <template>El apartamento está en la calle Margarita Xirgu 42, Palma.
<link>
    <text>A qui tienes un mapa</text>
    <url>https://www.google.com/maps/place/Carrer+de+Margarida+Xirgu,+42,+07011+Palma,+Illes+Balears/@39.5834645,2.6333444,17z/data=!3m1!4b1!4m5!3m4!1s0x1297928bb300ed41:0xaa7cec86cb97174!8m2!3d39.5834645!4d2.6355331</url>
</link></template>
</category>

<category><pattern>EN QUE ZONA ESTÁ UBICADO EL APARTAMENTO</pattern><template><srai>DÓNDE ESTÁ EL APARTAMENTO</srai></template></category>
<category><pattern>EN QUE ZONA ESTÁ EL APARTAMENTO</pattern><template><srai>DÓNDE ESTÁ EL APARTAMENTO</srai></template></category>

<category>
    <pattern>COMO PUEDO LLEGAR AL APARTAMENTO DESDE EL AEROPUERTO</pattern>
    <template>Desde el Aeropuerto combinando la línea 1 con la 6 o la 8
    <button>
        <text>Pulsa aquí para más información</text>
        <url>https://www.google.com/maps/dir/Aeropuerto+de+Palma+de+Mallorca,+07611+Palma,+Islas+Baleares/Carrer+de+Margarida+Xirgu,+42,+07011+Palma,+Illes+Balears/@39.563272,2.6506794,13z/data=!3m1!4b1!4m14!4m13!1m5!1m1!1s0x1297942ff5db35f3:0x7031da6569b7f956!2m2!1d2.7361649!2d39.5517407!1m5!1m1!1s0x1297928bb300ed41:0xaa7cec86cb97174!2m2!1d2.6355331!2d39.5834645!3e3</url>
    </button>
    </template>
</category>

<category><pattern>COMO PUEDO LLEGAR AL APARTAMENTO</pattern><template><srai>COMO PUEDO LLEGAR AL APARTAMENTO DESDE EL AEROPUERTO</srai></template></category>
<category><pattern>COMO PUEDO LLEGAR</pattern><template><srai>COMO PUEDO LLEGAR AL APARTAMENTO DESDE EL AEROPUERTO</srai></template></category>

<category>
    <pattern>FOTOS</pattern>
    <template>Claro!!!

    <carousel>    
    <card>
        <image>https://media-cdn.tripadvisor.com/media/photo-s/0d/53/83/d7/foto-cama-habitacion.jpg</image>
        <title>Dormitorio</title>
    </card> 

    <card>
        <image>https://www.elmueble.com/medio/2018/06/26/salon-microcemento-mesa-de-centro_271826_61d06a55.jpg</image>
        <title>Salón</title>
    </card> 
    
    <card>
        <image>https://www.tuandco.com/aprendeymejora/wp-content/uploads/2016/01/ducha-relax2-retallat.jpg</image>
        <title>Baño</title>
    </card> 
    
    </carousel>

    
    </template>
</category>


<category>
<pattern>_ FOTOS</pattern>
<template><srai>FOTOS</srai></template>
</category>

<category>
<pattern>FOTOS _</pattern>
<template><srai>FOTOS</srai></template>
</category>

<category>
<pattern>_ FOTOS *</pattern>
<template><srai>FOTOS</srai></template>
</category>



<category>
    <pattern>HAY WIFI</pattern>
    <template>Por supuesto. Cuando llegue al apartamento le falicitaremos la clave.</template>
</category>

<category><pattern>Hay Internet en el Apartamento</pattern><template><srai>HAY WIFI</srai></template></category>






<category>
    <pattern>QUE VISITAR</pattern>
    <template>Estos són los momumentos más importantes:
<carousel>
    
    <card>
        <image>https://lh5.googleusercontent.com/proxy/MhlNH5ILuXxJlJz94JDCdx41kGwmLf7BF--9dTsRy_NY1NJQO6u59jx1lLuijkCoKMle2MWxKF2o13xc-vfe2QuSkREvLCOM9Ovp-u5z7JwWFtRlV8UG8UBI-yeidpQGaaM_0SXmNeh_w0r_1ZGSOtuGrKs=w158-h212-n-k-no</image>
        <title>Catedral</title>
        <button>
         
            <text>Más Infomación</text>
            <url>https://es.wikipedia.org/wiki/Catedral_de_Santa_Mar%C3%ADa_de_Palma_de_Mallorca</url>
            <postback></postback>
        </button>
    </card>
    
    <card>
        <image>https://lh4.googleusercontent.com/proxy/arr9k6K48oWfvz0FmSahXT5lM3FzvsD5CVP4k9KL0pkEsseFzekw5W9Tp_28lvJf21cPwd_GqeMPWFJQmR7Sh-gcDB-9PH0NAoJ5s_9-lDBOel99b7i3I3PZfWFUqB5EeAWiMZsiXCozahq1VDrPVJVap9g=w158-h212-n-k-no</image>
        <title>Castell de Bellver</title>
        <button>
            <text>Más Infomación</text>
            <url>https://castelldebellver.palma.cat/portal/PALMA/castelldebellver</url>
            <postback></postback>
        </button>
    </card>
    
</carousel>
</template>
</category>

<category><pattern>QUE ME RECOMIENDAS VISITAR</pattern><template><srai>QUÉ MONUMENTOS ME RECOMIENDAS VISITAR</srai></template></category>
<category><pattern>Qué monumentos me recomiendas</pattern><template><srai>QUÉ MONUMENTOS ME RECOMIENDAS VISITAR</srai></template></category>

 <category>
        <pattern>DAME INFORMACIÓN SOBRE *</pattern>
        <template>
            <think><set name="ella"><star/></set></think>
            Aquí hi ha informació sobre <formal><star/></formal>.
            <button>
                <text>Clica aquí</text>
                <url>https://ca.wikipedia.org/wiki/<star/></url>
            </button>
        </template>
    </category>
    
     <category>
        <pattern>DAME INFORMACIÓN SOBRE ELLA</pattern>
        <template>
            <condition name="ella">
                <li value="*"><srai>DAME INFORMACIÓN SOBRE<get name="ella"/></srai></li>
                <li>¿Sobre que Monumento quieres informació?</li>
            </condition>
        </template>
    </category>
    
   <category>
        <pattern>CUAL ES SU HORARIO</pattern>
        <template>
            <condition name="ella">
                <li value="*"><srai>Quin temps fa a <get name="ella"/></srai></li>
                <li>¿De que monumento quieres saber el horario?</li>
            </condition>
        </template>
    </category>
    
   


</aiml>