<?xml version="1.0" encoding="UTF-8"?>
<aiml>
 
 <category>
    <pattern>*</pattern>
    <template>No tengo respuesta para esto</template>
  </category>
  
<category><pattern>HOLA</pattern><template>Hola! ¿Cómo te puedo ayudar? </template>
</category>
<category><pattern>BUENAS</pattern><template><srai>HOLA</srai></template>
</category>
<category><pattern>BUENAS DIAS</pattern><template><srai>HOLA</srai></template>
</category>
<category><pattern>BUENAS TARDES</pattern><template><srai>HOLA</srai></template>
</category>

<category>
	<pattern><set>number</set> #</pattern>
	<that>HOW OLD ARE YOU</that>
	<template>
		<think><set name="age"><star/></set></think>
		<srai>MY AGE IS <star/></srai>
	</template>
</category>

<category><pattern>INQUIRY LOCATION</pattern>
<template><srai>INQUIRY LOCATION <get name="location"/></srai></template>
</category>

<category><pattern>INQUIRY LOCATION WHERE</pattern>
<template>Where are you?</template>
</category>

<category>
	<pattern>CAPITAL DE <set>capitales</set></pattern>
	<template>LA CAPITAL DE <star/> <map name="capitales"><star/></map></template>
</category>

<category>
	<pattern>CAPITAL DE *</pattern>
	<template><star/> NO ES UNA CAPITAL </template>
</category>

</aiml>